price_m2,price,m2,location
108052元,1150万,106.43㎡,"海上名门
康健 柳州路181弄"
118078元,1320万,111.79㎡,"漕河景苑
康健 康健路58弄"
55356元,325万,58.71㎡,"薛家宅小区
康健 冠生园路230弄"
48883元,208万,42.55㎡,"花苑村紫竹园
康健 浦北路948弄"
54694元,314万,57.41㎡,"长海坊
康健 桂林西街9弄"
57015元,256万,44.9㎡,"长海坊
康健 桂林西街9弄"
54533元,430万,78.85㎡,"桂平小区
康健 桂平小区"
112823元,1098万,97.32㎡,"漕河景苑
康健 康健路58弄"
48690元,212万,43.54㎡,"花苑村紫竹园
康健 浦北路948弄"
62153元,325万,52.29㎡,"寿昌坊
康健 桂林西街151弄"
68190元,898万,131.69㎡,"圣骊家园
康健 沪闵路9116号、沪闵路9120号"
51890元,590万,113.7㎡,"沪华公寓
康健 冠生园路20号"
67134元,870万,129.59㎡,"中星海上华庭
康健 虹漕南路699弄"
77281元,398万,51.5㎡,"健安坊
康健 桂林东街150弄"
49150元,266万,54.12㎡,"长丰坊
康健 桂林西街47弄"
52939元,290万,54.78㎡,"长丰坊
康健 桂林西街47弄"
47490元,299万,62.96㎡,"寿益坊
康健 桂林西街85弄1-71号"
85275元,1050万,123.13㎡,"上海师大科技园
康健 桂林路70弄91-111号"
81745元,1150万,140.68㎡,"中星海上华庭
康健 虹漕南路699弄"
68936元,650万,94.29㎡,"紫荆园
康健 钦州南路768弄"
67072元,750万,111.82㎡,"紫荆园
康健 钦州南路768弄"
66617元,808万,121.29㎡,"海上名门
康健 柳州路181弄"
57326元,428万,74.66㎡,"长虹坊
康健 桂林西街11弄"
72851元,596万,81.81㎡,"钦州路111弄小区
康健 钦州路111弄1-26号"
75824元,499万,65.81㎡,"欣园新村
康健 桂平路257弄"
57787元,492万,85.14㎡,"紫薇园(徐汇)
康健 桂平路123弄"
47931元,278万,58㎡,"寿昌坊
康健 桂林西街151弄"
75256元,535万,71.09㎡,"师大新村
康健 师大新村"
90533元,1160万,128.13㎡,"康健星辰
康健 浦北路388弄"
76769元,1080万,140.68㎡,"中星海上华庭
康健 虹漕南路699弄"
48883元,208万,42.55㎡,"紫竹园
康健 浦北路948弄"
51447元,350万,68.03㎡,"长虹坊
康健 桂林西街11弄"
50299元,210万,41.75㎡,"西樱花园
康健 桂平支路35弄"
64718元,888万,137.21㎡,"中星海上华庭
康健 虹漕南路699弄"
50379元,279万,55.38㎡,"寿祥坊
康健 桂林西街111弄"
108915元,1152万,105.77㎡,"海上名邸
康健 桂林东街28弄"
43656元,170万,38.94㎡,"长丰坊
康健 桂林西街47弄"
59151元,350万,59.17㎡,"茶花园
康健 浦北路959弄31-82号"
44730元,480万,107.31㎡,"康健公寓
康健 桂林东街218弄"
137642元,1365万,99.17㎡,"徐汇天悦
康健 虹漕南路128弄"
79440元,1090万,137.21㎡,"中星海上华庭
康健 虹漕南路699弄"
62391元,360万,57.7㎡,"康乐小区(徐汇)
康健 康乐小区(徐汇)"
49603元,350万,70.56㎡,"长虹坊
康健 桂林西街11弄"
49966元,370万,74.05㎡,"寿益坊
康健 桂林西街85弄1-71号"
79955元,1300万,162.59㎡,"康兴花园
康健 桂林西街358弄"
44025元,189万,42.93㎡,"杜鹃园
康健 钦州南路917弄"
78344元,920万,117.43㎡,"中海馨园
康健 钦州南路8弄1-25号"
70990元,788万,111㎡,"紫荆园
康健 钦州南路768弄"
67708元,650万,96㎡,"紫荆园
康健 钦州南路768弄"
58601元,279万,47.61㎡,"杜鹃园
康健 钦州南路917弄"
89213元,1100万,123.3㎡,"上海师大科技园
康健 桂林路70弄91-111号"
77355元,1900万,245.62㎡,"上海师大科技园
康健 桂林路70弄91-111号"
48185元,340万,70.56㎡,"长虹坊
康健 桂林西街11弄"
52271元,260万,49.74㎡,"寿益坊
康健 桂林西街85弄1-71号"
55388元,350万,63.19㎡,"桂平小区
康健 桂平小区"
76311元,998万,130.78㎡,"上海师大科技园
康健 桂林路70弄91-111号"
78274元,1350万,172.47㎡,"海上名邸
康健 桂林东街28弄"
45636元,251万,55㎡,"长丰坊
康健 桂林西街47弄"
37896元,480万,126.66㎡,"金桂苑
康健 虹漕南路99弄"
37450元,218万,58.21㎡,"寿益坊
康健 桂林西街85弄1-71号"
46682元,299万,64.05㎡,"市委党校家属区
康健 虹漕南路300弄"
47861元,320万,66.86㎡,"长虹坊
康健 桂林西街11弄"
51612元,320万,62㎡,"寿益坊
康健 桂林西街85弄1-71号"
43021元,299万,69.5㎡,"寿山坊
康健 桂林西街201弄"
46762元,325万,69.5㎡,"长虹坊
康健 桂林西街11弄"
35444元,183万,51.63㎡,"寿山坊
康健 桂林西街201弄"
38709元,240万,62㎡,"寿山坊
康健 桂林西街201弄"
46618元,295万,63.28㎡,"市委党校家属区
康健 虹漕南路300弄"
44000元,198万,45㎡,"寿山坊
康健 桂林西街201弄"
37450元,218万,58.21㎡,"寿益坊
康健 桂林西街85弄1-71号"
38603元,220万,56.99㎡,"寿益坊
康健 桂林西街85弄1-71号"
37057元,410万,110.64㎡,"师大新村
康健 师大新村"
44132元,299万,67.75㎡,"市委党校家属区
康健 虹漕南路300弄"
46744元,318万,68.03㎡,"长虹坊
康健 桂林西街11弄"
45727元,350万,76.54㎡,"寿益坊
康健 桂林西街85弄1-71号"
44988元,360万,80.02㎡,"寿益坊
康健 桂林西街85弄1-71号"
41055元,350万,85.25㎡,"寿益坊
康健 桂林西街85弄1-71号"
51886元,275万,53㎡,"师大新村
康健 师大新村"
42307元,440万,104㎡,"师大新村
康健 师大新村"
43885元,295万,67.22㎡,"市委党校家属区
康健 虹漕南路300弄"
45535元,255万,56㎡,"师大新村
康健 师大新村"
44764元,298万,66.57㎡,"寿山坊
康健 桂林西街201弄"
42105元,320万,76㎡,"寿山坊
康健 桂林西街201弄"
46555元,419万,90㎡,"市委党校家属区
康健 虹漕南路300弄"
45068元,318万,70.56㎡,"长虹坊
康健 桂林西街11弄"
46757元,318万,68.01㎡,"市委党校家属区
康健 虹漕南路300弄"
36118元,399万,110.47㎡,"师大新村
康健 师大新村"
38675元,320万,82.74㎡,"寿益坊
康健 桂林西街85弄1-71号"
45411元,288万,63.42㎡,"寿山坊
康健 桂林西街201弄"
43354元,320万,73.81㎡,"长虹坊
康健 桂林西街11弄"
41562元,499万,120.06㎡,"寿益坊
康健 桂林西街85弄1-71号"
37324元,380万,101.81㎡,"师大新村
康健 师大新村"
42793元,299万,69.87㎡,"寿山坊
康健 桂林西街201弄"
45180元,375万,83㎡,"寿益坊
康健 桂林西街85弄1-71号"
43809元,299万,68.25㎡,"寿山坊
康健 桂林西街201弄"
45840元,359.8万,78.49㎡,"寿益坊
康健 桂林西街85弄1-71号"
45151元,298万,66㎡,"寿益坊
康健 桂林西街85弄1-71号"
51492元,345万,67㎡,"寿益坊
康健 桂林西街85弄1-71号"
44620元,355万,79.56㎡,"寿益坊
康健 桂林西街85弄1-71号"
50769元,330万,65㎡,"长虹坊
康健 桂林西街11弄"
48797元,345万,70.7㎡,"师大新村
康健 师大新村"
51428元,288万,56㎡,"师大新村
康健 师大新村"
40822元,270万,66.14㎡,"寿山坊
康健 桂林西街201弄"
42787元,299万,69.88㎡,"寿山坊
康健 桂林西街201弄"
37896元,480万,126.66㎡,"金桂苑
康健 虹漕南路99弄"
54791元,550万,100.38㎡,"市委党校家属区
康健 虹漕南路300弄"
46491元,320万,68.83㎡,"长虹坊
康健 桂林西街11弄"
45121元,185万,41㎡,"康乐小区(徐汇)
康健 康乐小区(徐汇)"
50133元,1499万,299㎡,"中星海上华庭
康健 虹漕南路699弄"
41406元,265万,64㎡,"花苑村紫竹园
康健 浦北路948弄"
75627元,1280万,169.25㎡,"中星海上华庭
康健 虹漕南路699弄"
39953元,205万,51.31㎡,"寿德坊
康健 桂林西街400弄"
49000元,196万,40㎡,"康乐小区(徐汇)
康健 康乐小区(徐汇)"
63946元,1080万,168.89㎡,"中星海上华庭
康健 虹漕南路699弄"
50000元,320万,64㎡,"花苑村杜鹃园
康健 钦州南路917弄"
62566元,825万,131.86㎡,"中星海上华庭
康健 虹漕南路699弄"
77991元,1320万,169.25㎡,"中星海上华庭
康健 虹漕南路699弄"
42346元,345万,81.47㎡,"万象园
康健 虹漕南路杨家桥61-99号、虹漕南路158弄"
63076元,820万,130㎡,"中星海上华庭
康健 虹漕南路699弄"
62365元,1160万,186㎡,"中星海上华庭
康健 虹漕南路699弄"
40262元,399万,99.1㎡,"金桂苑
康健 虹漕南路99弄"
41406元,265万,64㎡,"花苑村紫竹园
康健 浦北路948弄"
42346元,345万,81.47㎡,"万象园
康健 虹漕南路杨家桥61-99号、虹漕南路158弄"
62882元,698万,111㎡,"中星海上华庭
康健 虹漕南路699弄"
42391元,195万,46㎡,"花苑村紫竹园
康健 浦北路948弄"
42928元,180万,41.93㎡,"康乐小区(徐汇)
康健 康乐小区(徐汇)"
38507元,258万,67㎡,"杜鹃园
康健 钦州南路917弄"
63076元,820万,130㎡,"中星海上华庭
康健 虹漕南路699弄"
36526元,318万,87.06㎡,"花苑村紫竹园
康健 浦北路948弄"
50406元,620万,123㎡,"中星海上华庭
康健 虹漕南路699弄"
40652元,329万,80.93㎡,"花苑村紫竹园
康健 浦北路948弄"
40232元,270万,67.11㎡,"花苑村紫竹园
康健 浦北路948弄"
62980元,820万,130.2㎡,"中星海上华庭
康健 虹漕南路699弄"
38718元,388万,100.21㎡,"金桂苑
康健 虹漕南路99弄"
39747元,220万,55.35㎡,"桂平小区
康健 桂平小区"
40091元,350万,87.3㎡,"杜鹃园
康健 钦州南路917弄"
63053元,826万,131㎡,"中星海上华庭
康健 虹漕南路699弄"
36144元,210万,58.1㎡,"桂莘小区
康健 桂平路350弄"
62595元,820万,131㎡,"中星海上华庭
康健 虹漕南路699弄"
66926元,1030万,153.9㎡,"康沁苑
康健 冠生园路403弄1-12号"
51798元,720万,139㎡,"中星海上华庭
康健 虹漕南路699弄"
39555元,178万,45㎡,"康乐小区(徐汇)
康健 康乐小区(徐汇)"
49767元,428万,86㎡,"桂莘小区
康健 桂平路350弄"
43157元,410万,95㎡,"万象园
康健 虹漕南路杨家桥61-99号、虹漕南路158弄"
41735元,352万,84.34㎡,"杜鹃园
康健 钦州南路917弄"
62365元,1160万,186㎡,"中星海上华庭
康健 虹漕南路699弄"
44230元,230万,52㎡,"师大新村
康健 师大新村"
43750元,350万,80㎡,"寿山坊
康健 桂林西街201弄"
63946元,1080万,168.89㎡,"中星海上华庭
康健 虹漕南路699弄"
69426元,1090万,157㎡,"中星海上华庭
康健 虹漕南路699弄"
43069元,220万,51.08㎡,"桂莘小区
康健 桂平路350弄"
45783元,380万,83㎡,"桂莘小区
康健 桂平路350弄"
45918元,450万,98㎡,"桂莘小区
康健 桂平路350弄"
75627元,1280万,169.25㎡,"中星海上华庭
康健 虹漕南路699弄"
50000元,320万,64㎡,"花苑村杜鹃园
康健 钦州南路917弄"
42757元,410万,95.89㎡,"万象园
康健 虹漕南路杨家桥61-99号、虹漕南路158弄"
46938元,460万,98㎡,"桂莘小区
康健 桂平路350弄"
62566元,825万,131.86㎡,"中星海上华庭
康健 虹漕南路699弄"
45246元,188万,41.55㎡,"康乐小区(徐汇)
康健 康乐小区(徐汇)"
36107元,380万,105.24㎡,"师大新村
康健 师大新村"
44417元,360万,81.05㎡,"桂莘小区
康健 桂平路350弄"
49886元,330万,66.15㎡,"桂莘小区
康健 桂平路350弄"
37104元,366万,98.64㎡,"万象园
康健 虹漕南路杨家桥61-99号、虹漕南路158弄"
40262元,399万,99.1㎡,"金桂苑
康健 虹漕南路99弄"
42738元,555万,129.86㎡,"金桂苑
康健 虹漕南路99弄"
39882元,190万,47.64㎡,"寿德坊
康健 桂林西街400弄"
62043元,850万,137㎡,"康沁苑
康健 冠生园路403弄1-12号"
39885元,265万,66.44㎡,"杜鹃园
康健 钦州南路917弄"
39928元,355万,88.91㎡,"桂莘小区
康健 桂平路350弄"
53310元,368万,69.03㎡,"桂莘小区
康健 桂平路350弄"
50133元,1499万,299㎡,"中星海上华庭
康健 虹漕南路699弄"
46490元,359万,77.22㎡,"桂莘小区
康健 桂平路350弄"
39953元,205万,51.31㎡,"寿德坊
康健 桂林西街400弄"
46038元,333万,72.33㎡,"杜鹃园
康健 钦州南路917弄"
57471元,200万,34.8㎡,"寿祥坊
康健 桂林西街111弄"
62708元,338万,53.9㎡,"康强坊
康健 康强坊"
87562元,880万,100.5㎡,"漕河景苑
康健 康健路58弄"
130789元,1299万,99.32㎡,"徐汇天悦
康健 虹漕南路128弄"
49251元,339万,68.83㎡,"长虹坊
康健 桂林西街11弄"
55564元,330万,59.39㎡,"茶花园
康健 浦北路959弄31-82号"
69530元,416万,59.83㎡,"康强坊
康健 康强坊"
82220元,930万,113.11㎡,"中海馨园
康健 钦州南路8弄1-25号"
78191元,1100万,140.68㎡,"中星海上华庭
康健 虹漕南路699弄"
86317元,1880万,卧室：5个,"桂梅别墅
康健 桂平路251弄、桂平路250弄"
48068元,270万,56.17㎡,"长丰坊
康健 桂林西街47弄"
52194元,270万,51.73㎡,"迎春园
康健 虹漕南路718弄"
55066元,275万,49.94㎡,"花苑村紫竹园
康健 浦北路948弄"
55866元,299万,53.52㎡,"寿昌坊
康健 桂林西街151弄"
40829元,185万,45.31㎡,"长兴坊
康健 桂林西街15弄"
135501元,1350万,99.63㎡,"徐汇天悦
康健 虹漕南路128弄"
46607元,215万,46.13㎡,"长兴坊
康健 桂林西街15弄"
62121元,369万,59.4㎡,"寿益坊
康健 桂林西街85弄1-71号"
46064元,285万,61.87㎡,"长兴坊
康健 桂林西街15弄"
63953元,495万,77.4㎡,"茶花园
康健 浦北路959弄31-82号"
54826元,305万,55.63㎡,"长丰坊
康健 桂林西街47弄"
60246元,488万,81㎡,"杜鹃园
康健 钦州南路917弄"
57894元,550万,95㎡,"金桂苑
康健 虹漕南路99弄"
43636元,240万,55㎡,"长丰坊
康健 桂林西街47弄"
59789元,666万,111.39㎡,"梓树园
康健 钦州路108号"
103669元,630万,60.77㎡,"海上名邸
康健 桂林东街28弄"
52699元,450万,85.39㎡,"长兴坊
康健 桂林西街15弄"
68268元,679万,99.46㎡,"金桂苑
康健 虹漕南路99弄"
74723元,750万,100.37㎡,"市委党校家属区
康健 虹漕南路300弄"
79511元,1120万,140.86㎡,"中星海上华庭
康健 虹漕南路699弄"
81013元,1100万,135.78㎡,"中海馨园
康健 钦州南路8弄1-25号"
72815元,375万,51.5㎡,"健安坊
康健 桂林东街150弄"
68859元,335万,48.65㎡,"师大新村
康健 师大新村"
58252元,480万,82.4㎡,"寿祥坊
康健 桂林西街111弄"
60404元,299万,49.5㎡,"长顺坊
康健 桂林西街14弄"
106614元,1470万,137.88㎡,"海上名门
康健 柳州路181弄"
66274元,338万,51㎡,"健安坊
康健 桂林东街150弄"
82104元,980万,119.36㎡,"上海师大科技园
康健 桂林路70弄91-111号"
65266元,550万,84.27㎡,"桂莘小区
康健 桂平路350弄"
46969元,310万,66㎡,"寿益坊
康健 桂林西街85弄1-71号"
64375元,339万,52.66㎡,"寿祥坊
康健 桂林西街111弄"
60498元,291万,48.1㎡,"健安坊
康健 桂林东街150弄"
50262元,325万,64.66㎡,"月季园
康健 桂平路67弄"
85339元,638万,74.76㎡,"上海师大科技园
康健 桂林路70弄91-111号"
51498元,385万,74.76㎡,"师大新村
康健 师大新村"
53824元,330万,61.31㎡,"寿德坊
康健 桂林西街400弄"
53000元,280万,52.83㎡,"长丰坊
康健 桂林西街47弄"
61538元,240万,39㎡,"寿昌坊
康健 桂林西街151弄"
56982元,375万,65.81㎡,"欣园新村
康健 桂平路257弄"
53201元,236万,44.36㎡,"寿祥坊
康健 桂林西街111弄"
53445元,650万,121.62㎡,"迎春园
康健 虹漕南路718弄"
51038元,295万,57.8㎡,"东兰小区
康健 东兰小区"
91824元,1660万,180.78㎡,"海上名门
康健 柳州路181弄"
72568元,1100万,151.58㎡,"中海馨园
康健 钦州南路8弄1-25号"
43931元,198万,45.07㎡,"西樱花园
康健 桂平支路35弄"
57478元,490万,85.25㎡,"桂平小区
康健 桂平小区"
59740元,460万,77㎡,"万象园
康健 虹漕南路杨家桥61-99号、虹漕南路158弄"
63966元,889万,138.98㎡,"徐汇公寓
康健 沪闵路9260弄"
53776元,220万,40.91㎡,"师大新村
康健 师大新村"
46263元,382万,82.57㎡,"月季园
康健 桂平路67弄"
61815元,395万,63.9㎡,"杜鹃园
康健 钦州南路917弄"
56891元,220万,38.67㎡,"科苑新村
康健 科苑新村1-43号"
62336元,620万,99.46㎡,"金桂苑
康健 虹漕南路99弄"
56624元,365万,64.46㎡,"月季园
康健 桂平路67弄"
62578元,350万,55.93㎡,"长海坊
康健 桂林西街9弄"
72322元,520万,71.9㎡,"科苑新村
康健 科苑新村1-43号"
62578元,350万,55.93㎡,"长海坊
康健 桂林西街9弄"
58181元,400万,68.75㎡,"长兴坊
康健 桂林西街15弄"
72568元,1100万,151.58㎡,"中海馨园
康健 钦州南路8弄1-25号"
58653元,305万,52㎡,"花苑村丁香园
康健 百花街345弄"
65266元,550万,84.27㎡,"桂莘小区
康健 桂平路350弄"
57500元,345万,60㎡,"月季园
康健 桂平路67弄"
49133元,190万,38.67㎡,"康乐小区(徐汇)
康健 康乐小区(徐汇)"
134343元,1330万,99㎡,"徐汇天悦
康健 虹漕南路128弄"
56891元,220万,38.67㎡,"科苑新村
康健 科苑新村1-43号"
99301元,1080万,108.76㎡,"海上名邸
康健 桂林东街28弄"
52194元,270万,51.73㎡,"迎春园
康健 虹漕南路718弄"
94526元,1050万,111.08㎡,"中海馨园
康健 钦州南路8弄1-25号"
51724元,285万,55.1㎡,"寿祥坊
康健 桂林西街111弄"
132490元,1320万,99.63㎡,"徐汇天悦
康健 虹漕南路128弄"
54552元,284万,52.06㎡,"薛家宅小区
康健 冠生园路230弄"
46064元,285万,61.87㎡,"长兴坊
康健 桂林西街15弄"
62121元,369万,59.4㎡,"寿益坊
康健 桂林西街85弄1-71号"
53000元,280万,52.83㎡,"长丰坊
康健 桂林西街47弄"
115859元,1540万,132.92㎡,"海上名邸
康健 桂林东街28弄"
100082元,1450万,144.88㎡,"海上名邸
康健 桂林东街28弄"
74473元,905万,121.52㎡,"中海馨园
康健 钦州南路8弄1-25号"
81570元,860万,105.43㎡,"海上名邸
康健 桂林东街28弄"
61538元,240万,39㎡,"寿昌坊
康健 桂林西街151弄"
59677元,255万,42.73㎡,"长兴坊
康健 桂林西街15弄"
51498元,385万,74.76㎡,"师大新村
康健 师大新村"
109670元,1100万,100.3㎡,"徐汇天悦
康健 虹漕南路128弄"
59572元,248万,41.63㎡,"康乐小区(徐汇)
康健 康乐小区(徐汇)"
79511元,1120万,140.86㎡,"中星海上华庭
康健 虹漕南路699弄"
69530元,416万,59.83㎡,"康强坊
康健 康强坊"
99102元,2450万,247.22㎡,"中海馨园
康健 钦州南路8弄1-25号"
65005元,360万,55.38㎡,"寿祥坊
康健 桂林西街111弄"
90193元,699万,77.5㎡,"师大新村
康健 师大新村"
67391元,750万,111.29㎡,"梓树园
康健 钦州路108号"
54819元,298万,54.36㎡,"习勤小区
康健 康健路105弄"
88409元,1450万,164.01㎡,"中星海上华庭
康健 虹漕南路699弄"
57478元,490万,85.25㎡,"桂平小区
康健 桂平小区"
56153元,438万,78㎡,"花苑村桂花园
康健 江安路桂花园58弄"
62708元,338万,53.9㎡,"康强坊
康健 康强坊"
68555元,225万,32.82㎡,"冠生园路237弄小区
康健 冠生园路237弄"
50262元,325万,64.66㎡,"月季园
康健 桂平路67弄"
59988元,300万,50.01㎡,"长青坊
康健 桂林西街30弄"
80169元,1100万,137.21㎡,"中星海上华庭
康健 虹漕南路699弄"
52131元,318万,61㎡,"长丰坊
康健 桂林西街47弄"
86317元,1880万,卧室：5个,"桂梅别墅
康健 桂平路251弄、桂平路250弄"
60656元,325万,53.58㎡,"寿昌坊
康健 桂林西街151弄"
71707元,588万,82㎡,"上海师大科技园
康健 桂林路70弄91-111号"
51038元,295万,57.8㎡,"东兰小区
康健 东兰小区"
100485元,1180万,117.43㎡,"中海馨园
康健 钦州南路8弄1-25号"
54744元,375万,68.5㎡,"杜鹃园
康健 钦州南路917弄"
71705元,500万,69.73㎡,"师大新村
康健 师大新村"
57955元,220万,37.96㎡,"康乐小区(徐汇)
康健 康乐小区(徐汇)"
55066元,275万,49.94㎡,"花苑村紫竹园
康健 浦北路948弄"
55096元,220万,39.93㎡,"康乐小区(徐汇)
康健 康乐小区(徐汇)"
43658元,295万,67.57㎡,"桂平小区
康健 桂平小区"
59232元,400万,67.53㎡,"桂平小区
康健 桂平小区"
52409元,348万,66.4㎡,"寿益坊
康健 桂林西街85弄1-71号"
133333元,1320万,99㎡,"徐汇天悦
康健 虹漕南路128弄"
61815元,395万,63.9㎡,"杜鹃园
康健 钦州南路917弄"
50545元,278万,55㎡,"习勤小区
康健 康健路105弄"
91237元,960万,105.22㎡,"海上名邸
康健 桂林东街28弄"
60723元,470万,77.4㎡,"茶花园
康健 浦北路959弄31-82号"
57189元,350万,61.2㎡,"寿德坊
康健 桂林西街400弄"
71723元,278万,38.76㎡,"长青坊
康健 桂林西街30弄"
82220元,930万,113.11㎡,"中海馨园
康健 钦州南路8弄1-25号"
58823元,360万,61.2㎡,"寿德坊
康健 桂林西街400弄"
53997元,310万,57.41㎡,"长海坊
康健 桂林西街9弄"
59190元,398万,67.24㎡,"桂平小区
康健 桂平小区"
56859元,310万,54.52㎡,"长丰坊
康健 桂林西街47弄"
59788元,255万,42.65㎡,"冠生园路237弄小区
康健 冠生园路237弄"
115859元,1540万,132.92㎡,"海上名邸
康健 桂林东街28弄"
55096元,220万,39.93㎡,"康乐小区(徐汇)
康健 康乐小区(徐汇)"
136129元,1350万,99.17㎡,"徐汇天悦
康健 虹漕南路128弄"
59677元,255万,42.73㎡,"长兴坊
康健 桂林西街15弄"
43333元,273万,63㎡,"花苑村玉兰园
康健 桂江路玉兰园77弄"
57494元,280万,48.7㎡,"康强坊
康健 康强坊"
50545元,278万,55㎡,"习勤小区
康健 康健路105弄"
64375元,339万,52.66㎡,"寿祥坊
康健 桂林西街111弄"
58181元,400万,68.75㎡,"长兴坊
康健 桂林西街15弄"
50757元,298万,58.71㎡,"紫薇园(徐汇)
康健 桂平路123弄"
105437元,1020万,96.74㎡,"漕河景苑
康健 康健路58弄"
54826元,305万,55.63㎡,"长丰坊
康健 桂林西街47弄"
97289元,1450万,149.04㎡,"中海馨园
康健 钦州南路8弄1-25号"
86317元,1880万,卧室：5个,"桂梅别墅
康健 桂平路251弄、桂平路250弄"
137508元,1370万,99.63㎡,"徐汇天悦
康健 虹漕南路128弄"
56153元,438万,78㎡,"花苑村桂花园
康健 江安路桂花园58弄"
77353元,940万,121.52㎡,"中海馨园
康健 钦州南路8弄1-25号"
72815元,375万,51.5㎡,"健安坊
康健 桂林东街150弄"
107392元,1168万,108.76㎡,"海上名邸
康健 桂林东街28弄"
52941元,360万,68㎡,"桂平小区
康健 桂平小区"
46607元,215万,46.13㎡,"长兴坊
康健 桂林西街15弄"
84172元,1020万,121.18㎡,"中海馨园
康健 钦州南路8弄1-25号"
53824元,330万,61.31㎡,"寿德坊
康健 桂林西街400弄"
57894元,550万,95㎡,"金桂苑
康健 虹漕南路99弄"
63962元,410万,64.1㎡,"健安坊
康健 桂林东街150弄"
54022元,188万,34.8㎡,"寿祥坊
康健 桂林西街111弄"
48020元,365万,76.01㎡,"古美小区
康健 古美小区"
50106元,235万,46.9㎡,"花苑村紫竹园
康健 浦北路948弄"
58770元,910万,154.84㎡,"金桂苑
康健 虹漕南路99弄"
54500元,284万,52.11㎡,"薛家宅小区
康健 冠生园路230弄"
61889元,488万,78.85㎡,"桂平小区
康健 桂平小区"
56559元,310万,54.81㎡,"长丰坊
康健 桂林西街47弄"
53000元,280万,52.83㎡,"长丰坊
康健 桂林西街47弄"
77323元,980万,126.74㎡,"上海师大科技园
康健 桂林路70弄91-111号"
51800元,630万,121.62㎡,"迎春园
康健 虹漕南路718弄"
85106元,2000万,235㎡,"中海馨园
康健 钦州南路8弄1-25号"
51724元,285万,55.1㎡,"寿祥坊
康健 桂林西街111弄"
50426元,278万,55.13㎡,"习勤小区
康健 康健路105弄"
71705元,500万,69.73㎡,"师大新村
康健 师大新村"
91757元,1200万,130.78㎡,"师大新村
康健 师大新村"
65005元,360万,55.38㎡,"寿祥坊
康健 桂林西街111弄"
50262元,325万,64.66㎡,"月季园
康健 桂平路67弄"
58252元,480万,82.4㎡,"寿祥坊
康健 桂林西街111弄"
65052元,430万,66.1㎡,"健安坊
康健 桂林东街150弄"
49405元,270万,54.65㎡,"古美小区
康健 古美小区"
72568元,1100万,151.58㎡,"中海馨园
康健 钦州南路8弄1-25号"
61815元,395万,63.9㎡,"杜鹃园
康健 钦州南路917弄"
66274元,338万,51㎡,"健安坊
康健 桂林东街150弄"
99301元,1080万,108.76㎡,"海上名邸
康健 桂林东街28弄"
54602元,560万,102.56㎡,"紫薇园(徐汇)
康健 桂平路123弄"
58653元,305万,52㎡,"花苑村丁香园
康健 百花街345弄"
62121元,369万,59.4㎡,"寿益坊
康健 桂林西街85弄1-71号"
81445元,888万,109.03㎡,"海上名邸
康健 桂林东街28弄"
43658元,295万,67.57㎡,"桂平小区
康健 桂平小区"
133910元,1330万,99.32㎡,"徐汇天悦
康健 虹漕南路128弄"
87562元,880万,100.5㎡,"漕河景苑
康健 康健路58弄"
132490元,1320万,99.63㎡,"徐汇天悦
康健 虹漕南路128弄"
130789元,1299万,99.32㎡,"徐汇天悦
康健 虹漕南路128弄"
135501元,1350万,99.63㎡,"徐汇天悦
康健 虹漕南路128弄"
60207元,330万,54.81㎡,"长丰坊
康健 桂林西街47弄"
61815元,395万,63.9㎡,"杜鹃园
康健 钦州南路917弄"
82220元,930万,113.11㎡,"中海馨园
康健 钦州南路8弄1-25号"
100082元,1450万,144.88㎡,"海上名邸
康健 桂林东街28弄"
53776元,220万,40.91㎡,"师大新村
康健 师大新村"
46607元,215万,46.13㎡,"长兴坊
康健 桂林西街15弄"
62578元,350万,55.93㎡,"长海坊
康健 桂林西街9弄"
51498元,385万,74.76㎡,"师大新村
康健 师大新村"
52409元,348万,66.4㎡,"寿益坊
康健 桂林西街85弄1-71号"
92199元,1280万,138.83㎡,"师大新村
康健 师大新村"
109670元,1100万,100.3㎡,"徐汇天悦
康健 虹漕南路128弄"
77353元,940万,121.52㎡,"中海馨园
康健 钦州南路8弄1-25号"
48947元,279万,57㎡,"寿昌坊
康健 桂林西街151弄"
87933元,1150万,130.78㎡,"上海师大科技园
康健 桂林路70弄91-111号"
97289元,1450万,149.04㎡,"中海馨园
康健 钦州南路8弄1-25号"
58252元,480万,82.4㎡,"寿祥坊
康健 桂林西街111弄"
85106元,2000万,235㎡,"中海馨园
康健 钦州南路8弄1-25号"
53445元,650万,121.62㎡,"迎春园
康健 虹漕南路718弄"
71723元,278万,38.76㎡,"长青坊
康健 桂林西街30弄"
79511元,1120万,140.86㎡,"中星海上华庭
康健 虹漕南路699弄"
54500元,284万,52.11㎡,"薛家宅小区
康健 冠生园路230弄"
69530元,416万,59.83㎡,"康强坊
康健 康强坊"
53824元,330万,61.31㎡,"寿德坊
康健 桂林西街400弄"
115859元,1540万,132.92㎡,"海上名邸
康健 桂林东街28弄"
40829元,185万,45.31㎡,"长兴坊
康健 桂林西街15弄"
107392元,1168万,108.76㎡,"海上名邸
康健 桂林东街28弄"
60404元,299万,49.5㎡,"长顺坊
康健 桂林西街14弄"
57894元,550万,95㎡,"金桂苑
康健 虹漕南路99弄"
54608元,298万,54.57㎡,"习勤小区
康健 康健路105弄"
47414元,265万,55.89㎡,"古美小区
康健 古美小区"
71428元,950万,133㎡,"上海师大科技园
康健 桂林路70弄91-111号"
69009元,652万,94.48㎡,"钦州路111弄小区
康健 钦州路111弄1-26号"
54602元,560万,102.56㎡,"紫薇园(徐汇)
康健 桂平路123弄"
48003元,220万,45.83㎡,"长海坊
康健 桂林西街9弄"
47679元,299万,62.71㎡,"东樱花园
康健 桂平支路20弄"
79691元,538万,67.51㎡,"师大新村
康健 师大新村"
58585元,580万,99㎡,"金桂苑
康健 虹漕南路99弄"
60033元,318万,52.97㎡,"康乐小区(徐汇)
康健 康乐小区(徐汇)"
52895元,338万,63.9㎡,"杜鹃园
康健 钦州南路917弄"
61354元,288万,46.94㎡,"长海坊
康健 桂林西街9弄"
67970元,365万,53.7㎡,"长青坊
康健 桂林西街30弄"
67962元,388万,57.09㎡,"习勤小区
康健 康健路105弄"
49668元,315万,63.42㎡,"寿山坊
康健 桂林西街201弄"
57502元,315万,54.78㎡,"长丰坊
康健 桂林西街47弄"
65294元,333万,51㎡,"健安坊
康健 桂林东街150弄"
54862元,440万,80.2㎡,"康强坊
康健 康强坊"
66275元,1005万,151.64㎡,"中海馨园
康健 钦州南路8弄1-25号"
70289元,238万,33.86㎡,"师大新村
康健 师大新村"
63380元,450万,71㎡,"上海师大科技园
康健 桂林路70弄91-111号"
53227元,268万,50.35㎡,"康乐小区(徐汇)
康健 康乐小区(徐汇)"
55944元,480万,85.8㎡,"月季园
康健 桂平路67弄"
51676元,225万,43.54㎡,"紫竹园
康健 浦北路948弄"
70289元,238万,33.86㎡,"师大新村
康健 师大新村"
54862元,440万,80.2㎡,"康强坊
康健 康强坊"
42528元,1250万,293.92㎡,"南天公寓
康健 康健路8号"
67962元,388万,57.09㎡,"习勤小区
康健 康健路105弄"
47679元,299万,62.71㎡,"东樱花园
康健 桂平支路20弄"
51676元,225万,43.54㎡,"紫竹园
康健 浦北路948弄"
49668元,315万,63.42㎡,"寿山坊
康健 桂林西街201弄"
63096元,430万,68.15㎡,"桂平小区
康健 桂平小区"
61354元,288万,46.94㎡,"长海坊
康健 桂林西街9弄"
48003元,220万,45.83㎡,"长海坊
康健 桂林西街9弄"
77182元,1100万,142.52㎡,"紫藤苑(徐汇)
康健 桂平路88弄"
55655元,278万,49.95㎡,"长顺坊
康健 桂林西街14弄"
76866元,1888万,245.62㎡,"上海师大科技园
康健 桂林路70弄91-111号"
82815元,920万,111.09㎡,"中海馨园
康健 钦州南路8弄1-25号"
52364元,660万,126.04㎡,"百合花苑
康健 浦北路999弄"
44894元,215万,47.89㎡,"茶花园
康健 浦北路959弄31-82号"
78714元,1068万,135.68㎡,"康健星辰
康健 浦北路388弄"
88426元,1250万,141.36㎡,"海上名邸
康健 桂林东街28弄"
78440元,1050万,133.86㎡,"中海馨园
康健 钦州南路8弄1-25号"
71052元,540万,76㎡,"紫荆园
康健 钦州南路768弄"
108799元,1250万,114.89㎡,"漕河景苑
康健 康健路58弄"
53823元,366万,68㎡,"长兴坊
康健 桂林西街15弄"
42572元,188万,44.16㎡,"花苑村杜鹃园
康健 钦州南路917弄"
50173元,377万,75.14㎡,"月季园
康健 桂平路67弄"
44006元,250万,56.81㎡,"花苑村紫竹园
康健 浦北路948弄"
69690元,1080万,154.97㎡,"豪门府邸
康健 柳州路300弄"
34333元,206万,60㎡,"寿祥坊
康健 桂林西街111弄"
45683元,480万,105.07㎡,"月季园
康健 桂平路67弄"
69801元,1100万,157.59㎡,"梓树园
康健 钦州路108号"
58456元,468万,80.06㎡,"师大新村
康健 师大新村"
60954元,1250万,205.07㎡,"康馨家园
康健 柳州路128弄"
85739元,1550万,180.78㎡,"海上名门
康健 柳州路181弄"
57281元,590万,103㎡,"寿祥坊
康健 桂林西街111弄"
52173元,1560万,299㎡,"汇樾庭
康健 柳州路176弄"
44864元,166万,37㎡,"长丰坊
康健 桂林西街47弄"
43902元,360万,82㎡,"师大新村
康健 师大新村"
50967元,1580万,卧室：5个,"玫瑰园
康健 桂平路165弄"
60889元,990万,162.59㎡,"康兴花园
康健 桂林西街358弄"
45918元,198万,43.12㎡,"长兴坊
康健 桂林西街15弄"
36544元,360万,98.51㎡,"康强坊
康健 康强坊"
78247元,650万,83.07㎡,"康沁苑
康健 冠生园路403弄1-12号"
49215元,750万,152.39㎡,"金桂苑
康健 虹漕南路99弄"
39040元,358万,91.7㎡,"康乐小区(徐汇)
康健 康乐小区(徐汇)"
67744元,1060万,156.47㎡,"海上名邸
康健 桂林东街28弄"
44594元,330万,74㎡,"长丰坊
康健 桂林西街47弄"
50856元,288万,56.63㎡,"桂康小区
康健 桂林路117弄"
62857元,880万,140㎡,"漕河景苑
康健 康健路58弄"
72512元,1099万,151.56㎡,"中海馨园
康健 钦州南路8弄1-25号"
46099元,650万,141㎡,"花苑村梅花园
康健 江安路梅花园55弄、江安路99弄"
60875元,1150万,188.91㎡,"上海师大科技园
康健 桂林路70弄91-111号"
74291元,999万,134.47㎡,"上海师大科技园
康健 桂林路70弄91-111号"
48181元,318万,66㎡,"欣园新村
康健 桂平路257弄"
49594元,220万,44.36㎡,"寿祥坊
康健 桂林西街111弄"
60904元,830万,136.28㎡,"中星虹漕公寓
康健 桂林西街85弄33、35、36号"
69630元,520万,74.68㎡,"上海师大科技园
康健 桂林路70弄91-111号"
38531元,660万,171.29㎡,"百合花苑
康健 浦北路999弄"
42715元,190万,44.48㎡,"花苑村茶花园
康健 浦北路959弄31-82号"
100684元,1000万,99.32㎡,"徐汇天悦
康健 虹漕南路128弄"
51527元,199万,38.62㎡,"长青坊
康健 桂林西街30弄"
58917元,480万,81.47㎡,"万象园
康健 虹漕南路杨家桥61-99号、虹漕南路158弄"
43728元,258万,59㎡,"长丰坊
康健 桂林西街47弄"
40144元,488万,121.56㎡,"寿祥坊
康健 桂林西街111弄"
47001元,460万,97.87㎡,"欣园新村
康健 桂平路257弄"
81395元,3500万,卧室：6个,"牡丹园别墅
康健 桂平路218弄"
80256元,600万,74.76㎡,"上海师大科技园
康健 桂林路70弄91-111号"
36529元,208万,56.94㎡,"寿祥坊
康健 桂林西街111弄"
59046元,420万,71.13㎡,"长丰坊
康健 桂林西街47弄"
45234元,299万,66.1㎡,"健安坊
康健 桂林东街150弄"
42975元,520万,121㎡,"师大新村
康健 师大新村"
61983元,750万,121㎡,"紫荆园
康健 钦州南路768弄"
51385元,230万,44.76㎡,"长青坊
康健 桂林西街30弄"
80683元,1299万,161㎡,"徐汇天悦
康健 虹漕南路128弄"
51549元,366万,71㎡,"师大新村
康健 师大新村"
50000元,180万,36㎡,"健安坊
康健 桂林东街150弄"
78943元,1190万,150.74㎡,"康健星辰
康健 浦北路388弄"
44078元,335万,76㎡,"长丰坊
康健 桂林西街47弄"
76866元,1888万,245.62㎡,"上海师大科技园
康健 桂林路70弄91-111号"
91250元,899万,98.52㎡,"徐汇天悦
康健 虹漕南路128弄"
74932元,1190万,158.81㎡,"康健星辰
康健 浦北路388弄"
61706元,1050万,170.16㎡,"康兴花园
康健 桂林西街358弄"
59292元,268万,45.2㎡,"师大新村
康健 师大新村"
64135元,1588万,卧室：4个,"牡丹园别墅
康健 桂平路218弄"
45614元,260万,57㎡,"长青坊
康健 桂林西街30弄"
86518元,1150万,132.92㎡,"海上名邸
康健 桂林东街28弄"
80320元,4766万,卧室：6个,"牡丹园别墅
康健 桂平路218弄"
42741元,265万,62㎡,"冠生园路237弄小区
康健 冠生园路237弄"
43902元,360万,82㎡,"师大新村
康健 师大新村"
54945元,350万,63.7㎡,"师大新村
康健 师大新村"
48805元,380万,77.86㎡,"月季园
康健 桂平路67弄"
57339元,350万,61.04㎡,"长丰坊
康健 桂林西街47弄"
59224元,460万,77.67㎡,"师大新村
康健 师大新村"
56275元,1390万,247㎡,"康健星辰
康健 浦北路388弄"
54687元,350万,64㎡,"桂平小区
康健 桂平小区"
49333元,148万,30㎡,"长丰坊
康健 桂林西街47弄"
41964元,235万,56㎡,"长丰坊
康健 桂林西街47弄"
44820元,450万,100.4㎡,"寿祥坊
康健 桂林西街111弄"
55714元,390万,70㎡,"桂平小区
康健 桂平小区"
81745元,1150万,140.68㎡,"中星海上华庭
康健 虹漕南路699弄"
54771元,450万,82.16㎡,"桂平小区
康健 桂平小区"
69900元,699万,100㎡,"徐汇天悦
康健 虹漕南路128弄"
52364元,660万,126.04㎡,"百合花苑
康健 浦北路999弄"
47313元,310万,65.52㎡,"欣园新村
康健 桂平路257弄"
48205元,309万,64.1㎡,"健安坊
康健 桂林东街150弄"
40976元,240万,58.57㎡,"长兴坊
康健 桂林西街15弄"
108799元,1250万,114.89㎡,"漕河景苑
康健 康健路58弄"
48181元,318万,66㎡,"欣园新村
康健 桂平路257弄"
52631元,450万,85.5㎡,"长兴坊
康健 桂林西街15弄"
67991元,1680万,247.09㎡,"康健星辰
康健 浦北路388弄"
53942元,1888万,350㎡,"中海馨园
康健 钦州南路8弄1-25号"
45679元,490万,107.27㎡,"紫薇园(徐汇)
康健 桂平路123弄"
43214元,242万,56㎡,"长丰坊
康健 桂林西街47弄"
57514元,1600万,278.19㎡,"中海馨园
康健 钦州南路8弄1-25号"
68254元,900万,131.86㎡,"中星海上华庭
康健 虹漕南路699弄"
41269元,260万,63㎡,"康宁坊
康健 浦北路21弄"
67744元,1060万,156.47㎡,"海上名邸
康健 桂林东街28弄"
45303元,299万,66㎡,"健安坊
康健 桂林东街150弄"
40340元,355万,88㎡,"寿祥坊
康健 桂林西街111弄"
52182元,312万,59.79㎡,"茶花园
康健 浦北路959弄31-82号"
40784元,208万,51㎡,"寿祥坊
康健 桂林西街111弄"
88426元,1250万,141.36㎡,"海上名邸
康健 桂林东街28弄"
84110元,1100万,130.78㎡,"上海师大科技园
康健 桂林路70弄91-111号"
62832元,1570万,249.87㎡,"中海馨园
康健 钦州南路8弄1-25号"
73529元,750万,102㎡,"徐汇天悦
康健 虹漕南路128弄"
43311元,518万,119.6㎡,"月季园
康健 桂平路67弄"
43902元,360万,82㎡,"师大新村
康健 师大新村"
74164元,1150万,155.06㎡,"文馨苑
康健 冠生园路411弄"
59292元,268万,45.2㎡,"师大新村
康健 师大新村"
49333元,148万,30㎡,"长丰坊
康健 桂林西街47弄"
81188元,820万,101㎡,"徐汇天悦
康健 虹漕南路128弄"
74507元,1160万,155.69㎡,"海上名邸
康健 桂林东街28弄"
44864元,166万,37㎡,"长丰坊
康健 桂林西街47弄"
54687元,350万,64㎡,"桂平小区
康健 桂平小区"
47368元,270万,57㎡,"长青坊
康健 桂林西街30弄"
45328元,360万,79.42㎡,"长青坊
康健 桂林西街30弄"
46801元,308万,65.81㎡,"欣园新村
康健 桂平路257弄"
51428元,360万,70㎡,"师大新村
康健 师大新村"
70945元,1080万,152.23㎡,"上海师大科技园
康健 桂林路70弄91-111号"
55115元,890万,161.48㎡,"康兴花园
康健 桂林西街358弄"
48818元,620万,127㎡,"百合花苑
康健 浦北路999弄"
82478元,1150万,139.43㎡,"海上名邸
康健 桂林东街28弄"
42857元,240万,56㎡,"长青坊
康健 桂林西街30弄"
51385元,230万,44.76㎡,"长青坊
康健 桂林西街30弄"
59046元,420万,71.13㎡,"长丰坊
康健 桂林西街47弄"
40081元,256万,63.87㎡,"健安坊
康健 桂林东街150弄"
48181元,318万,66㎡,"欣园新村
康健 桂平路257弄"
88426元,1250万,141.36㎡,"海上名邸
康健 桂林东街28弄"
59636元,410万,68.75㎡,"长兴坊
康健 桂林西街15弄"
47313元,310万,65.52㎡,"欣园新村
康健 桂平路257弄"
47001元,460万,97.87㎡,"欣园新村
康健 桂平路257弄"
52585元,300万,57.05㎡,"花苑村茶花园
康健 浦北路959弄31-82号"
49958元,304万,60.85㎡,"紫薇园(徐汇)
康健 桂平路123弄"
47442元,166万,34.99㎡,"长丰坊
康健 桂林西街47弄"
45234元,299万,66.1㎡,"健安坊
康健 桂林东街150弄"
52857元,1850万,350㎡,"中海馨园
康健 钦州南路8弄1-25号"
65100元,1599万,245.62㎡,"上海师大科技园
康健 桂林路70弄91-111号"
45745元,422万,92.25㎡,"月季园
康健 桂平路67弄"
55714元,390万,70㎡,"桂平小区
康健 桂平小区"
55128元,430万,78㎡,"康强坊
康健 康强坊"
54800元,520万,94.89㎡,"桂平小区
康健 桂平小区"
49095元,380万,77.4㎡,"茶花园
康健 浦北路959弄31-82号"
42975元,520万,121㎡,"师大新村
康健 师大新村"
44078元,335万,76㎡,"长丰坊
康健 桂林西街47弄"
83634元,880万,105.22㎡,"海上名邸
康健 桂林东街28弄"
48831元,376万,77㎡,"月季园
康健 桂平路67弄"
54690元,288万,52.66㎡,"寿祥坊
康健 桂林西街111弄"
54239元,380万,70.06㎡,"长兴坊
康健 桂林西街15弄"
83755元,1390万,165.96㎡,"海上名邸
康健 桂林东街28弄"
51549元,366万,71㎡,"师大新村
康健 师大新村"
67991元,1680万,247.09㎡,"康健星辰
康健 浦北路388弄"
76612元,950万,124㎡,"文馨苑
康健 冠生园路411弄"
38805元,260万,67㎡,"健安坊
康健 桂林东街150弄"
85968元,1150万,133.77㎡,"漕河景苑
康健 康健路58弄"
64135元,1588万,卧室：4个,"牡丹园别墅
康健 桂平路218弄"
77388元,1215万,157㎡,"中星海上华庭
康健 虹漕南路699弄"
47095元,270万,57.33㎡,"长兴坊
康健 桂林西街15弄"
41964元,235万,56㎡,"长丰坊
康健 桂林西街47弄"
52631元,450万,85.5㎡,"长兴坊
康健 桂林西街15弄"
60889元,990万,162.59㎡,"康兴花园
康健 桂林西街358弄"
40784元,208万,51㎡,"寿祥坊
康健 桂林西街111弄"
56220元,230万,40.91㎡,"师大新村
康健 师大新村"
43902元,360万,82㎡,"师大新村
康健 师大新村"
56233元,355万,63.13㎡,"桂平小区
康健 桂平小区"
56625元,400万,70.64㎡,"康强坊
康健 康强坊"
48818元,620万,127㎡,"百合花苑
康健 浦北路999弄"
44894元,215万,47.89㎡,"茶花园
康健 浦北路959弄31-82号"
61666元,740万,120㎡,"紫荆园
康健 钦州南路768弄"
42741元,265万,62㎡,"冠生园路237弄小区
康健 冠生园路237弄"
52585元,300万,57.05㎡,"花苑村茶花园
康健 浦北路959弄31-82号"
50937元,258万,50.65㎡,"康乐小区(徐汇)
康健 康乐小区(徐汇)"
65100元,1599万,245.62㎡,"上海师大科技园
康健 桂林路70弄91-111号"
64135元,1588万,卧室：4个,"牡丹园别墅
康健 桂平路218弄"
85081元,1440万,169.25㎡,"海上名邸
康健 桂林东街28弄"
45303元,299万,66㎡,"健安坊
康健 桂林东街150弄"
60232元,420万,69.73㎡,"师大新村
康健 师大新村"
74932元,1190万,158.81㎡,"康健星辰
康健 浦北路388弄"
62832元,1570万,249.87㎡,"中海馨园
康健 钦州南路8弄1-25号"
85968元,1150万,133.77㎡,"漕河景苑
康健 康健路58弄"
48831元,376万,77㎡,"月季园
康健 桂平路67弄"
65523元,1230万,187.72㎡,"康健星辰
康健 浦北路388弄"
48805元,380万,77.86㎡,"月季园
康健 桂平路67弄"
54406元,400万,73.52㎡,"长丰坊
康健 桂林西街47弄"
43728元,258万,59㎡,"长丰坊
康健 桂林西街47弄"
55714元,390万,70㎡,"桂平小区
康健 桂平小区"
43214元,242万,56㎡,"长丰坊
康健 桂林西街47弄"
73529元,750万,102㎡,"徐汇天悦
康健 虹漕南路128弄"
89129元,1220万,136.88㎡,"海上名门
康健 柳州路181弄"
88727元,950万,107.07㎡,"海上名门
康健 柳州路181弄"
51061元,255万,49.94㎡,"花苑村紫竹园
康健 浦北路948弄"
72675元,1020万,140.35㎡,"紫藤苑(徐汇)
康健 桂平路88弄"
53314元,370万,69.4㎡,"健安坊
康健 桂林东街150弄"
80072元,800万,99.91㎡,"汇樾庭
康健 柳州路176弄"
86249元,3500万,卧室：6个,"玫瑰园
康健 桂平路165弄"
59836元,650万,108.63㎡,"梓树园
康健 钦州路108号"
57507元,720万,125.2㎡,"梓树园
康健 钦州路108号"
56197元,399万,71㎡,"长顺坊
康健 桂林西街14弄"
79920元,999万,125㎡,"康健星辰
康健 浦北路388弄"
45411元,288万,63.42㎡,"寿祥坊
康健 桂林西街111弄"
72805元,3400万,467㎡,"漕河景苑
康健 康健路58弄"
60152元,788万,131㎡,"汇樾庭
康健 柳州路176弄"
60954元,1250万,205.07㎡,"康馨家园
康健 柳州路128弄"
42902元,418万,97.43㎡,"迎春园
康健 虹漕南路718弄"
58181元,320万,55㎡,"健安坊
康健 桂林东街150弄"
45162元,345万,76.39㎡,"桂平小区
康健 桂平小区"
50000元,350万,70㎡,"长虹坊
康健 桂林西街11弄"
52173元,1560万,299㎡,"汇樾庭
康健 柳州路176弄"
49179元,725万,147.42㎡,"金桂苑
康健 虹漕南路99弄"
47518元,360万,75.76㎡,"康乐小区(徐汇)
康健 康乐小区(徐汇)"
75228元,1130万,150.21㎡,"中海馨园
康健 钦州南路8弄1-25号"
50484元,245万,48.53㎡,"寿山坊
康健 桂林西街201弄"
46753元,360万,77㎡,"迎春园
康健 虹漕南路718弄"
35537元,430万,121㎡,"康健公寓
康健 桂林东街218弄"
35855元,208万,58.01㎡,"紫薇园(徐汇)
康健 桂平路123弄"
57187元,366万,64㎡,"杜鹃园
康健 钦州南路917弄"
54545元,300万,55㎡,"健安坊
康健 桂林东街150弄"
86610元,850万,98.14㎡,"海上名门
康健 柳州路181弄"
48484元,320万,66㎡,"康乐小区(徐汇)
康健 康乐小区(徐汇)"
48771元,280万,57.41㎡,"长海坊
康健 桂林西街9弄"
52752元,299万,56.68㎡,"康宁坊
康健 浦北路21弄"
48184元,288万,59.77㎡,"薛家宅小区
康健 冠生园路230弄"
51880元,720万,138.78㎡,"师大新村
康健 师大新村"
102742元,2600万,卧室：5个,"玫瑰园
康健 桂平路165弄"
104685元,1050万,100.3㎡,"徐汇天悦
康健 虹漕南路128弄"
56158元,880万,156.7㎡,"中虹汇之苑
康健 钦州路428弄1-9号"
42044元,255万,60.65㎡,"康强坊
康健 康强坊"
49361元,232万,47㎡,"寿德坊
康健 桂林西街400弄"
46718元,299万,64㎡,"长顺坊
康健 桂林西街14弄"
51683元,218万,42.18㎡,"长青坊
康健 桂林西街30弄"
54900元,438万,79.78㎡,"欣园新村
康健 桂平路257弄"
59005元,800万,135.58㎡,"圣骊家园
康健 沪闵路9116号、沪闵路9120号"
51666元,186万,36㎡,"师大新村
康健 师大新村"
40579元,280万,69㎡,"桂平小区
康健 桂平小区"
88727元,950万,107.07㎡,"海上名门
康健 柳州路181弄"
46131元,285万,61.78㎡,"寿德坊
康健 桂林西街400弄"
51061元,255万,49.94㎡,"花苑村紫竹园
康健 浦北路948弄"
38052元,333万,87.51㎡,"桂竹香公寓
康健 桂平路277弄12号-14号"
41954元,608万,144.92㎡,"百合花苑
康健 浦北路999弄"
42902元,418万,97.43㎡,"迎春园
康健 虹漕南路718弄"
87486元,1090万,124.59㎡,"康沁苑
康健 冠生园路403弄1-12号"
83720元,2520万,卧室：8个,"玫瑰园
康健 桂平路165弄"
54451元,400万,73.46㎡,"万象园
康健 虹漕南路杨家桥61-99号、虹漕南路158弄"
50810元,188万,37㎡,"师大新村
康健 师大新村"
45689元,265万,58㎡,"花苑村紫竹园
康健 浦北路948弄"
54792元,1620万,295.66㎡,"文馨苑
康健 冠生园路411弄"
41089元,350万,85.18㎡,"桂平小区
康健 桂平小区"
43750元,665万,152㎡,"中星虹漕公寓
康健 桂林西街85弄33、35、36号"
39954元,385万,96.36㎡,"寿德坊
康健 桂林西街400弄"
44284元,308万,69.55㎡,"花苑村茶花园
康健 浦北路959弄31-82号"
93165元,1130万,121.29㎡,"海上名门
康健 柳州路181弄"
48880元,310万,63.42㎡,"寿山坊
康健 桂林西街201弄"
76923元,1100万,143㎡,"豪门府邸
康健 柳州路300弄"
72861元,1500万,205.87㎡,"紫藤苑(徐汇)
康健 桂平路88弄"
80072元,800万,99.91㎡,"汇樾庭
康健 柳州路176弄"
43661元,620万,142㎡,"中星虹漕公寓
康健 桂林西街85弄33、35、36号"
86249元,3500万,卧室：6个,"玫瑰园
康健 桂平路165弄"
64475元,920万,142.69㎡,"海上名门
康健 柳州路181弄"
40134元,310万,77.24㎡,"茶花园
康健 浦北路959弄31-82号"
56735元,318万,56.05㎡,"桂康小区
康健 桂林路117弄"
50909元,280万,55㎡,"寿祥坊
康健 桂林西街111弄"
42890元,254万,59.22㎡,"长海坊
康健 桂林西街9弄"
51666元,186万,36㎡,"师大新村
康健 师大新村"
40776元,420万,103㎡,"寿祥坊
康健 桂林西街111弄"
52631元,300万,57㎡,"康宁坊
康健 浦北路21弄"
50143元,280万,55.84㎡,"长顺坊
康健 桂林西街14弄"
58604元,2520万,卧室：6个,"玫瑰园
康健 桂平路165弄"
52679元,350万,66.44㎡,"杜鹃园
康健 钦州南路917弄"
41379元,240万,58㎡,"寿祥坊
康健 桂林西街111弄"
72805元,3400万,467㎡,"漕河景苑
康健 康健路58弄"
63939元,980万,153.27㎡,"康惠苑
康健 康健路16弄"
48484元,320万,66㎡,"康乐小区(徐汇)
康健 康乐小区(徐汇)"
49504元,200万,40.4㎡,"寿德坊
康健 桂林西街400弄"
60896元,420万,68.97㎡,"万象园
康健 虹漕南路杨家桥61-99号、虹漕南路158弄"
32848元,280万,85.24㎡,"寿昌坊
康健 桂林西街151弄"
57767元,560万,96.94㎡,"康健公寓
康健 桂林东街218弄"
94987元,2890万,卧室：4个,"牡丹园别墅
康健 桂平路218弄"
50000元,350万,70㎡,"长虹坊
康健 桂林西街11弄"
61611元,1599万,259.53㎡,"海上名门
康健 柳州路181弄"
45727元,221万,48.33㎡,"康乐小区(徐汇)
康健 康乐小区(徐汇)"
50143元,280万,55.84㎡,"长顺坊
康健 桂林西街14弄"
46814元,255万,54.47㎡,"花苑村紫竹园
康健 浦北路948弄"
51663元,340万,65.81㎡,"欣园新村
康健 桂平路257弄"
46131元,285万,61.78㎡,"寿德坊
康健 桂林西街400弄"
44425元,320万,72.03㎡,"西樱花园
康健 桂平支路35弄"
48192元,280万,58.1㎡,"寿昌坊
康健 桂林西街151弄"
52173元,1560万,299㎡,"汇樾庭
康健 柳州路176弄"
36149元,285万,78.84㎡,"寿昌坊
康健 桂林西街151弄"
82815元,920万,111.09㎡,"中海馨园
康健 钦州南路8弄1-25号"
53823元,720万,133.77㎡,"漕河景苑
康健 康健路58弄"
42607元,298万,69.94㎡,"薛家宅小区
康健 冠生园路230弄"
80295元,1980万,246.59㎡,"中海馨园
康健 钦州南路8弄1-25号"
55257元,340万,61.53㎡,"长青坊
康健 桂林西街30弄"
51880元,720万,138.78㎡,"师大新村
康健 师大新村"
42436元,409万,96.38㎡,"紫薇园(徐汇)
康健 桂平路123弄"
50143元,280万,55.84㎡,"长顺坊
康健 桂林西街14弄"
46099元,650万,141㎡,"花苑村梅花园
康健 江安路梅花园55弄、江安路99弄"
56089元,350万,62.4㎡,"寿益坊
康健 桂林西街85弄1-71号"
52679元,350万,66.44㎡,"杜鹃园
康健 钦州南路917弄"
64475元,920万,142.69㎡,"海上名门
康健 柳州路181弄"
45162元,345万,76.39㎡,"桂平小区
康健 桂平小区"
50769元,330万,65㎡,"长顺坊
康健 桂林西街14弄"
76923元,1100万,143㎡,"豪门府邸
康健 柳州路300弄"
38025元,265万,69.69㎡,"寿德坊
康健 桂林西街400弄"
58604元,2520万,卧室：6个,"玫瑰园
康健 桂平路165弄"
44003元,306万,69.54㎡,"花苑村茶花园
康健 浦北路959弄31-82号"
56735元,318万,56.05㎡,"桂康小区
康健 桂林路117弄"
51061元,255万,49.94㎡,"花苑村紫竹园
康健 浦北路948弄"
42171元,588万,139.43㎡,"中星虹漕公寓
康健 桂林西街85弄33、35、36号"
34375元,220万,64㎡,"花苑村茶花园
康健 浦北路959弄31-82号"
39822元,350万,87.89㎡,"桂平小区
康健 桂平小区"
57595元,505万,87.68㎡,"梓树园
康健 钦州路108号"
57281元,590万,103㎡,"寿祥坊
康健 桂林西街111弄"
57507元,720万,125.2㎡,"梓树园
康健 钦州路108号"
69124元,975万,141.05㎡,"海上名门
康健 柳州路181弄"
38531元,660万,171.29㎡,"百合花苑
康健 浦北路999弄"
54451元,400万,73.46㎡,"万象园
康健 虹漕南路杨家桥61-99号、虹漕南路158弄"
42597元,185万,43.43㎡,"长海坊
康健 桂林西街9弄"
45934元,200万,43.54㎡,"花苑村紫竹园
康健 浦北路948弄"
36428元,459万,126㎡,"康健路24弄小区
康健 康健路24弄"
43661元,620万,142㎡,"中星虹漕公寓
康健 桂林西街85弄33、35、36号"
79266元,1280万,161.48㎡,"康兴花园
康健 桂林西街358弄"
50188元,266万,53㎡,"长顺坊
康健 桂林西街14弄"
52857元,320万,60.54㎡,"长顺坊
康健 桂林西街14弄"
74066元,1500万,202.52㎡,"紫荆园
康健 钦州南路768弄"
43750元,665万,152㎡,"中星虹漕公寓
康健 桂林西街85弄33、35、36号"
48771元,280万,57.41㎡,"长海坊
康健 桂林西街9弄"
46938元,230万,49㎡,"长海坊
康健 桂林西街9弄"
41610元,245万,58.88㎡,"长兴坊
康健 桂林西街15弄"
69801元,1100万,157.59㎡,"梓树园
康健 钦州路108号"
49504元,200万,40.4㎡,"寿德坊
康健 桂林西街400弄"
56834元,810万,142.52㎡,"紫藤苑(徐汇)
康健 桂平路88弄"
42826元,280万,65.38㎡,"师大新村
康健 师大新村"
72861元,1500万,205.87㎡,"紫藤苑(徐汇)
康健 桂平路88弄"
39637元,210万,52.98㎡,"紫薇园(徐汇)
康健 桂平路123弄"
41079元,350万,85.2㎡,"桂平小区
康健 桂平小区"
52631元,300万,57㎡,"康宁坊
康健 浦北路21弄"
56197元,399万,71㎡,"长顺坊
康健 桂林西街14弄"
55983元,480万,85.74㎡,"寿益坊
康健 桂林西街85弄1-71号"
43333元,260万,60㎡,"茶花园
康健 浦北路959弄31-82号"
51683元,218万,42.18㎡,"长青坊
康健 桂林西街30弄"
40434元,186万,46㎡,"长海坊
康健 桂林西街9弄"
48461元,315万,65㎡,"桂林西街101弄小区
康健 桂林西街101弄1-5号"
43950元,356万,81㎡,"师大新村
康健 师大新村"
121163元,3000万,卧室：4个,"牡丹园别墅
康健 桂平路218弄"
56089元,350万,62.4㎡,"寿益坊
康健 桂林西街85弄1-71号"
44626元,299万,67㎡,"桂竹香公寓
康健 桂平路277弄12号-14号"
54900元,438万,79.78㎡,"欣园新村
康健 桂平路257弄"
75903元,1380万,181.81㎡,"海上名门
康健 柳州路181弄"
51666元,186万,36㎡,"师大新村
康健 师大新村"
89704元,1280万,142.69㎡,"海上名门
康健 柳州路181弄"
54181元,355万,65.52㎡,"欣园新村
康健 桂平路257弄"
41666元,550万,132㎡,"中星虹漕公寓
康健 桂林西街85弄33、35、36号"
42156元,215万,51㎡,"康乐小区(徐汇)
康健 康乐小区(徐汇)"
42597元,185万,43.43㎡,"长海坊
康健 桂林西街9弄"
51666元,186万,36㎡,"师大新村
康健 师大新村"
41079元,350万,85.2㎡,"桂平小区
康健 桂平小区"
40434元,186万,46㎡,"长海坊
康健 桂林西街9弄"
52879元,348万,65.81㎡,"欣园新村
康健 桂平路257弄"
53823元,720万,133.77㎡,"漕河景苑
康健 康健路58弄"
42323元,330万,77.97㎡,"桂林西街101弄小区
康健 桂林西街101弄1-5号"
41641元,280万,67.24㎡,"桂平小区
康健 桂平小区"
57767元,560万,96.94㎡,"康健公寓
康健 桂林东街218弄"
38682元,269万,69.54㎡,"康强坊
康健 康强坊"
109705元,3000万,卧室：6个,"牡丹园别墅
康健 桂平路218弄"
88727元,950万,107.07㎡,"海上名门
康健 柳州路181弄"
50856元,288万,56.63㎡,"桂康小区
康健 桂林路117弄"
45422元,195万,42.93㎡,"杜鹃园
康健 钦州南路917弄"
37431元,408万,109㎡,"康健公寓
康健 桂林东街218弄"
36627元,315万,86㎡,"花苑村月季园
康健 桂平路67弄"
41972元,520万,123.89㎡,"迎春园
康健 虹漕南路718弄"
41618元,288万,69.2㎡,"寿德坊
康健 桂林西街400弄"
45076元,715万,158.62㎡,"金桂苑
康健 虹漕南路99弄"
42171元,588万,139.43㎡,"中星虹漕公寓
康健 桂林西街85弄33、35、36号"
56197元,399万,71㎡,"长顺坊
康健 桂林西街14弄"
78714元,1068万,135.68㎡,"康健星辰
康健 浦北路388弄"
89129元,1220万,136.88㎡,"海上名门
康健 柳州路181弄"
57320元,305万,53.21㎡,"长顺坊
康健 桂林西街14弄"
78247元,650万,83.07㎡,"康沁苑
康健 冠生园路403弄1-12号"
51527元,199万,38.62㎡,"长青坊
康健 桂林西街30弄"
77647元,1080万,139.09㎡,"上海师大科技园
康健 桂林路70弄91-111号"
42145元,330万,78.3㎡,"迎春园
康健 虹漕南路718弄"
54471元,360万,66.09㎡,"寿益坊
康健 桂林西街85弄1-71号"
49328元,999万,202.52㎡,"紫荆园
康健 钦州南路768弄"
56385元,400万,70.94㎡,"市委党校家属区
康健 虹漕南路300弄"
50769元,330万,65㎡,"长顺坊
康健 桂林西街14弄"
72036元,999万,138.68㎡,"康惠苑
康健 康健路16弄"
93165元,1130万,121.29㎡,"海上名门
康健 柳州路181弄"
59595元,590万,99㎡,"万象园
康健 虹漕南路杨家桥61-99号、虹漕南路158弄"
73633元,1040万,141.24㎡,"紫藤苑(徐汇)
康健 桂平路88弄"
49504元,200万,40.4㎡,"寿德坊
康健 桂林西街400弄"
79552元,1080万,135.76㎡,"康沁苑
康健 冠生园路403弄1-12号"
49179元,725万,147.42㎡,"金桂苑
康健 虹漕南路99弄"
41176元,280万,68㎡,"桂平小区
康健 桂平小区"
50000元,300万,60㎡,"寿德坊
康健 桂林西街400弄"
50000元,350万,70㎡,"长虹坊
康健 桂林西街11弄"
69875元,1520万,217.53㎡,"紫荆园
康健 钦州南路768弄"
44284元,308万,69.55㎡,"花苑村茶花园
康健 浦北路959弄31-82号"
57413元,999万,174㎡,"康馨家园
康健 柳州路128弄"
42715元,190万,44.48㎡,"花苑村茶花园
康健 浦北路959弄31-82号"
50810元,188万,37㎡,"师大新村
康健 师大新村"
40089元,180万,44.9㎡,"长海坊
康健 桂林西街9弄"
64020元,229万,35.77㎡,"康健路100弄小区
康健 康健路100弄"
61627元,530万,86㎡,"紫荆园
康健 钦州南路768弄"
62901元,460万,73.13㎡,"万象园
康健 虹漕南路杨家桥61-99号、虹漕南路158弄"
40410元,2950万,卧室：6个,"桂梅别墅
康健 桂平路251弄、桂平路250弄"
64698元,1188万,183.62㎡,"汇樾庭
康健 柳州路176弄"
52161元,520万,99.69㎡,"寿祥坊
康健 桂林西街111弄"
118987元,1180万,99.17㎡,"徐汇天悦
康健 虹漕南路128弄"
54602元,350万,64.1㎡,"健安坊
康健 桂林东街150弄"
41618元,288万,69.2㎡,"寿德坊
康健 桂林西街400弄"
49328元,999万,202.52㎡,"紫荆园
康健 钦州南路768弄"
57031元,365万,64㎡,"长顺坊
康健 桂林西街14弄"
36149元,285万,78.84㎡,"寿昌坊
康健 桂林西街151弄"
48411元,355万,73.33㎡,"桂竹香公寓
康健 桂平路277弄12号-14号"
49977元,340万,68.03㎡,"长虹坊
康健 桂林西街11弄"
38682元,269万,69.54㎡,"康强坊
康健 康强坊"
42084元,260万,61.78㎡,"寿德坊
康健 桂林西街400弄"
43333元,260万,60㎡,"茶花园
康健 浦北路959弄31-82号"
51061元,255万,49.94㎡,"花苑村紫竹园
康健 浦北路948弄"
79966元,1150万,143.81㎡,"康馨家园
康健 柳州路128弄"
36976元,318万,86㎡,"花苑村月季园
康健 桂平路67弄"
48184元,288万,59.77㎡,"薛家宅小区
康健 冠生园路230弄"
63846元,1660万,卧室：3个,"桂梅别墅
康健 桂平路251弄、桂平路250弄"
54900元,438万,79.78㎡,"欣园新村
康健 桂平路257弄"
50810元,188万,37㎡,"师大新村
康健 师大新村"
79880元,750万,93.89㎡,"中海馨园
康健 钦州南路8弄1-25号"
80072元,800万,99.91㎡,"汇樾庭
康健 柳州路176弄"
73633元,1040万,141.24㎡,"紫藤苑(徐汇)
康健 桂平路88弄"
71052元,540万,76㎡,"紫荆园
康健 钦州南路768弄"
32848元,280万,85.24㎡,"寿昌坊
康健 桂林西街151弄"
43103元,375万,87㎡,"花苑村月季园
康健 桂平路67弄"
43750元,665万,152㎡,"中星虹漕公寓
康健 桂林西街85弄33、35、36号"
67900元,888万,130.78㎡,"上海师大科技园
康健 桂林路70弄91-111号"
41079元,350万,85.2㎡,"桂平小区
康健 桂平小区"
44382元,395万,89㎡,"月季园
康健 桂平路67弄"
76962元,1050万,136.43㎡,"上海师大科技园
康健 桂林路70弄91-111号"
49361元,232万,47㎡,"寿德坊
康健 桂林西街400弄"
45727元,221万,48.33㎡,"康乐小区(徐汇)
康健 康乐小区(徐汇)"
74087元,999万,134.84㎡,"康馨家园
康健 柳州路128弄"
43166元,259万,60㎡,"花苑村茶花园
康健 浦北路959弄31-82号"
42657元,226万,52.98㎡,"康乐小区(徐汇)
康健 康乐小区(徐汇)"
120764元,3300万,卧室：6个,"牡丹园别墅
康健 桂平路218弄"
49360元,305万,61.79㎡,"康宁坊
康健 浦北路21弄"
45180元,225万,49.8㎡,"寿德坊
康健 桂林西街400弄"
57189元,350万,61.2㎡,"寿德坊
康健 桂林西街400弄"
50422元,358万,71㎡,"长虹坊
康健 桂林西街11弄"
40776元,420万,103㎡,"寿祥坊
康健 桂林西街111弄"
42715元,190万,44.48㎡,"花苑村茶花园
康健 浦北路959弄31-82号"
68745元,690万,100.37㎡,"市委党校家属区
康健 虹漕南路300弄"
68900元,950万,137.88㎡,"海上名门
康健 柳州路181弄"
74291元,999万,134.47㎡,"上海师大科技园
康健 桂林路70弄91-111号"
42572元,188万,44.16㎡,"花苑村杜鹃园
康健 钦州南路917弄"
66379元,1140万,171.74㎡,"紫藤苑(徐汇)
康健 桂平路88弄"
104685元,1050万,100.3㎡,"徐汇天悦
康健 虹漕南路128弄"
50000元,310万,62㎡,"桂平小区
康健 桂平小区"
46753元,360万,77㎡,"迎春园
康健 虹漕南路718弄"
76595元,1080万,141㎡,"紫藤苑(徐汇)
康健 桂平路88弄"
52173元,1560万,299㎡,"汇樾庭
康健 柳州路176弄"
51185元,950万,185.6㎡,"漕河景苑
康健 康健路58弄"
79920元,999万,125㎡,"康健星辰
康健 浦北路388弄"
46938元,230万,49㎡,"长海坊
康健 桂林西街9弄"
80050元,1148万,143.41㎡,"汇樾庭
康健 柳州路176弄"
62857元,880万,140㎡,"漕河景苑
康健 康健路58弄"
42171元,588万,139.43㎡,"中星虹漕公寓
康健 桂林西街85弄33、35、36号"
60896元,420万,68.97㎡,"万象园
康健 虹漕南路杨家桥61-99号、虹漕南路158弄"
42902元,418万,97.43㎡,"迎春园
康健 虹漕南路718弄"
51185元,950万,185.6㎡,"漕河景苑
康健 康健路58弄"
48771元,280万,57.41㎡,"长海坊
康健 桂林西街9弄"
52161元,520万,99.69㎡,"寿祥坊
康健 桂林西街111弄"
35855元,208万,58.01㎡,"紫薇园(徐汇)
康健 桂平路123弄"
79266元,1280万,161.48㎡,"康兴花园
康健 桂林西街358弄"
94987元,2890万,卧室：4个,"牡丹园别墅
康健 桂平路218弄"
62268元,740万,118.84㎡,"圣骊家园
康健 沪闵路9116号、沪闵路9120号"
57906元,1100万,189.96㎡,"上海师大科技园
康健 桂林路70弄91-111号"
59005元,800万,135.58㎡,"圣骊家园
康健 沪闵路9116号、沪闵路9120号"
38682元,269万,69.54㎡,"康强坊
康健 康强坊"
62345元,430万,68.97㎡,"万象园
康健 虹漕南路杨家桥61-99号、虹漕南路158弄"
41176元,280万,68㎡,"桂平小区
康健 桂平小区"
39040元,358万,91.7㎡,"康乐小区(徐汇)
康健 康乐小区(徐汇)"
45180元,225万,49.8㎡,"寿德坊
康健 桂林西街400弄"
53030元,350万,66㎡,"欣园新村
康健 桂平路257弄"
60954元,1250万,205.07㎡,"康馨家园
康健 柳州路128弄"
53314元,370万,69.4㎡,"健安坊
康健 桂林东街150弄"
57281元,590万,103㎡,"寿祥坊
康健 桂林西街111弄"
43450元,610万,140.39㎡,"百合花苑
康健 浦北路999弄"
45689元,265万,58㎡,"花苑村紫竹园
康健 浦北路948弄"
48143元,280万,58.16㎡,"桂康小区
康健 桂林路117弄"
45076元,715万,158.62㎡,"金桂苑
康健 虹漕南路99弄"
50597元,288万,56.92㎡,"花苑村紫竹园
康健 浦北路948弄"
64475元,920万,142.69㎡,"海上名门
康健 柳州路181弄"
36149元,285万,78.84㎡,"寿昌坊
康健 桂林西街151弄"
50188元,266万,53㎡,"长顺坊
康健 桂林西街14弄"
57413元,999万,174㎡,"康馨家园
康健 柳州路128弄"
59222元,480万,81.05㎡,"桂莘小区
康健 桂平路350弄"
52910元,350万,66.15㎡,"桂莘小区
康健 桂平路350弄"
43750元,665万,152㎡,"中星虹漕公寓
康健 桂林西街85弄33、35、36号"
65315元,725万,111㎡,"紫荆园
康健 钦州南路768弄"
40434元,186万,46㎡,"长海坊
康健 桂林西街9弄"
42622元,260万,61㎡,"康强坊
康健 康强坊"
53823元,720万,133.77㎡,"漕河景苑
康健 康健路58弄"
80050元,1280万,159.9㎡,"康健星辰
康健 浦北路388弄"
78834元,1050万,133.19㎡,"文馨苑
康健 冠生园路411弄"
43333元,260万,60㎡,"茶花园
康健 浦北路959弄31-82号"
77182元,1100万,142.52㎡,"紫藤苑(徐汇)
康健 桂平路88弄"
36627元,315万,86㎡,"花苑村月季园
康健 桂平路67弄"
71052元,540万,76㎡,"紫荆园
康健 钦州南路768弄"
42181元,280万,66.38㎡,"冠生园路235弄小区
康健 冠生园路235弄"
51683元,218万,42.18㎡,"长青坊
康健 桂林西街30弄"
46131元,285万,61.78㎡,"寿德坊
康健 桂林西街400弄"
51880元,720万,138.78㎡,"师大新村
康健 师大新村"
32848元,280万,85.24㎡,"寿昌坊
康健 桂林西街151弄"
49520元,258万,52.1㎡,"寿祥坊
康健 桂林西街111弄"
52679元,350万,66.44㎡,"杜鹃园
康健 钦州南路917弄"
66379元,1140万,171.74㎡,"紫藤苑(徐汇)
康健 桂平路88弄"
38025元,265万,69.69㎡,"寿德坊
康健 桂林西街400弄"
71921元,730万,101.5㎡,"寿祥坊
康健 桂林西街111弄"
57561元,330万,57.33㎡,"长兴坊
康健 桂林西街15弄"
62423元,409万,65.52㎡,"欣园新村
康健 桂平路257弄"
52667元,230万,43.67㎡,"长丰坊
康健 桂林西街47弄"
80916元,1060万,131㎡,"康馨家园
康健 柳州路128弄"
100428元,750万,74.68㎡,"上海师大科技园
康健 桂林路70弄91-111号"
51696元,480万,92.85㎡,"花苑村玉兰园
康健 桂江路玉兰园77弄"
69930元,1000万,143㎡,"康馨家园
康健 柳州路128弄"
99667元,3000万,卧室：8个,"玫瑰园
康健 桂平路165弄"
81401元,439万,53.93㎡,"文馨苑
康健 冠生园路411弄"
98413元,980万,99.58㎡,"徐汇天悦
康健 虹漕南路128弄"
63357元,420万,66.29㎡,"冠生园路237弄小区
康健 冠生园路237弄"
92968元,550万,59.16㎡,"漕河景苑
康健 康健路58弄"
90025元,1000万,111.08㎡,"中海馨园
康健 钦州南路8弄1-25号"
59055元,300万,50.8㎡,"健安坊
康健 桂林东街150弄"
54201元,307万,56.64㎡,"东樱花园
康健 桂平支路20弄"
48578元,205万,42.2㎡,"长丰坊
康健 桂林西街47弄"
101243元,1360万,134.33㎡,"漕河景苑
康健 康健路58弄"
107681元,1500万,139.3㎡,"海上名邸
康健 桂林东街28弄"
62570元,498万,79.59㎡,"万象园
康健 虹漕南路杨家桥61-99号、虹漕南路158弄"
62399元,233万,37.34㎡,"钦州路111弄小区
康健 钦州路111弄1-26号"
45663元,268万,58.69㎡,"长兴坊
康健 桂林西街15弄"
58290元,405万,69.48㎡,"长兴坊
康健 桂林西街15弄"
70175元,2000万,卧室：5个,"玫瑰园
康健 桂平路165弄"
71247元,365万,51.23㎡,"长顺坊
康健 桂林西街14弄"
74101元,505万,68.15㎡,"桂平小区
康健 桂平小区"
48003元,220万,45.83㎡,"长海坊
康健 桂林西街9弄"
85812元,1480万,172.47㎡,"海上名邸
康健 桂林东街28弄"
45633元,578万,126.66㎡,"金桂苑
康健 虹漕南路99弄"
65832元,300万,45.57㎡,"康乐小区(徐汇)
康健 康乐小区(徐汇)"
57561元,330万,57.33㎡,"长兴坊
康健 桂林西街15弄"
55058元,400万,72.65㎡,"紫荆园
康健 钦州南路768弄"
58793元,346万,58.85㎡,"花苑村紫竹园
康健 浦北路948弄"
56863元,198万,34.82㎡,"长丰坊
康健 桂林西街47弄"
59427元,249万,41.9㎡,"长海坊
康健 桂林西街9弄"
78274元,1350万,172.47㎡,"海上名邸
康健 桂林东街28弄"
64983元,700万,107.72㎡,"泰成花苑
康健 沪闵路9512弄"
59202元,460万,77.7㎡,"寿祥坊
康健 桂林西街111弄"
60298元,760万,126.04㎡,"百合花苑
康健 浦北路999弄"
100428元,750万,74.68㎡,"上海师大科技园
康健 桂林路70弄91-111号"
76264元,1380万,180.95㎡,"海上名门
康健 柳州路181弄"
118438元,1180万,99.63㎡,"徐汇天悦
康健 虹漕南路128弄"
98750元,1580万,160㎡,"徐汇天悦
康健 虹漕南路128弄"
54621元,260万,47.6㎡,"寿德坊
康健 桂林西街400弄"
55722元,370万,66.4㎡,"寿益坊
康健 桂林西街85弄1-71号"
47912元,350万,73.05㎡,"长兴坊
康健 桂林西街15弄"
68750元,880万,128㎡,"泰成花苑
康健 沪闵路9512弄"
84237元,1670万,198.25㎡,"海上名门
康健 柳州路181弄"
97616元,950万,97.32㎡,"漕河景苑
康健 康健路58弄"
39117元,266万,68㎡,"长虹坊
康健 桂林西街11弄"
77469元,1090万,140.7㎡,"康沁苑
康健 冠生园路403弄1-12号"
45757元,302万,66㎡,"寿昌坊
康健 桂林西街151弄"
80959元,810万,100.05㎡,"汇樾庭
康健 柳州路176弄"
45915元,326万,71㎡,"长顺坊
康健 桂林西街14弄"
54988元,388万,70.56㎡,"长虹坊
康健 桂林西街11弄"
44628元,270万,60.5㎡,"茶花园
康健 浦北路959弄31-82号"
76275元,988万,129.53㎡,"康健星辰
康健 浦北路388弄"
76033元,920万,121㎡,"师大新村
康健 师大新村"
66134元,828万,125.2㎡,"梓树园
康健 钦州路108号"
52363元,288万,55㎡,"寿祥坊
康健 桂林西街111弄"
63357元,420万,66.29㎡,"冠生园路237弄小区
康健 冠生园路237弄"
73170元,900万,123㎡,"中星海上华庭
康健 虹漕南路699弄"
53990元,299万,55.38㎡,"寿祥坊
康健 桂林西街111弄"
58787元,573万,97.47㎡,"紫薇园(徐汇)
康健 桂平路123弄"
64388元,520万,80.76㎡,"师大新村
康健 师大新村"
77037元,930万,120.72㎡,"漕河景苑
康健 康健路58弄"
46931元,299万,63.71㎡,"长海坊
康健 桂林西街9弄"
113261元,1100万,97.12㎡,"徐汇天悦
康健 虹漕南路128弄"
51428元,288万,56㎡,"长海坊
康健 桂林西街9弄"
52566元,299万,56.88㎡,"花苑村紫竹园
康健 浦北路948弄"
75574元,1000万,132.32㎡,"海上名门
康健 柳州路181弄"
47800元,288万,60.25㎡,"长兴坊
康健 桂林西街15弄"
81303元,1195万,146.98㎡,"中海馨园
康健 钦州南路8弄1-25号"
50828元,230万,45.25㎡,"钦州路111弄小区
康健 钦州路111弄1-26号"
92140元,918万,99.63㎡,"徐汇天悦
康健 虹漕南路128弄"
60656元,325万,53.58㎡,"寿昌坊
康健 桂林西街151弄"
94043元,1350万,143.55㎡,"漕河景苑
康健 康健路58弄"
83909元,1116万,133㎡,"漕河景苑
康健 康健路58弄"
47675元,282万,59.15㎡,"师大新村
康健 师大新村"
50421元,239万,47.4㎡,"寿德坊
康健 桂林西街400弄"
41230元,268万,65㎡,"花苑村玉兰园
康健 桂江路玉兰园77弄"
58448元,458万,78.36㎡,"钦州路111弄小区
康健 钦州路111弄1-26号"
46666元,315万,67.5㎡,"寿祥坊
康健 桂林西街111弄"
59404元,319万,53.7㎡,"康州小区
康健 康健路51弄、康健路55弄"
55296元,415万,75.05㎡,"薛家宅小区
康健 冠生园路230弄"
41818元,368万,88㎡,"花苑村杜鹃园
康健 钦州南路917弄"
51908元,408万,78.6㎡,"桂平小区
康健 桂平小区"
52032元,338万,64.96㎡,"东樱花园
康健 桂平支路20弄"
43636元,288万,66㎡,"长兴坊
康健 桂林西街15弄"
93100元,1228万,131.9㎡,"徐汇天悦
康健 虹漕南路128弄"
53854元,299万,55.52㎡,"健安坊
康健 桂林东街150弄"
52268元,288万,55.1㎡,"寿祥坊
康健 桂林西街111弄"
88875元,910万,102.39㎡,"康惠苑
康健 康健路16弄"
91654元,928万,101.25㎡,"海上名门
康健 柳州路181弄"
51153元,266万,52㎡,"康乐小区(徐汇)
康健 康乐小区(徐汇)"
64949元,908万,139.8㎡,"徐汇天悦
康健 虹漕南路128弄"
49688元,725万,145.91㎡,"康健公寓
康健 桂林东街218弄"
67736元,498万,73.52㎡,"长丰坊
康健 桂林西街47弄"
62372元,489万,78.4㎡,"花苑村桂花园
康健 江安路桂花园58弄"
46461元,302万,65㎡,"康乐小区(徐汇)
康健 康乐小区(徐汇)"
52481元,258万,49.16㎡,"紫薇园(徐汇)
康健 桂平路123弄"
102456元,980万,95.65㎡,"徐汇天悦
康健 虹漕南路128弄"
58009元,675万,116.36㎡,"薛家宅小区
康健 冠生园路230弄"
50197元,317万,63.15㎡,"茶花园
康健 浦北路959弄31-82号"
97289元,1450万,149.04㎡,"中海馨园
康健 钦州南路8弄1-25号"
57809元,275万,47.57㎡,"长兴坊
康健 桂林西街15弄"
68136元,720万,105.67㎡,"紫荆园
康健 钦州南路768弄"
45192元,235万,52㎡,"康乐小区(徐汇)
康健 康乐小区(徐汇)"
59988元,300万,50.01㎡,"长青坊
康健 桂林西街30弄"
62252元,377万,60.56㎡,"师大新村
康健 师大新村"
50524元,520万,102.92㎡,"南天公寓
康健 康健路8号"
73333元,880万,120㎡,"紫荆园
康健 钦州南路768弄"
66405元,830万,124.99㎡,"中星海上华庭
康健 虹漕南路699弄"
54275元,238万,43.85㎡,"长青坊
康健 桂林西街30弄"
56384元,1288万,228.43㎡,"海上名门
康健 柳州路181弄"
32554元,475万,145.91㎡,"康健公寓
康健 桂林东街218弄"
45933元,305万,66.4㎡,"寿山坊
康健 桂林西街201弄"
47500元,228万,48㎡,"康乐小区(徐汇)
康健 康乐小区(徐汇)"
59393元,588万,99㎡,"金桂苑
康健 虹漕南路99弄"
56405元,450万,79.78㎡,"长兴坊
康健 桂林西街15弄"
66557元,810万,121.7㎡,"中星海上华庭
康健 虹漕南路699弄"
43088元,308万,71.48㎡,"长兴坊
康健 桂林西街15弄"
42555元,435万,102.22㎡,"寿益坊
康健 桂林西街85弄1-71号"
54310元,315万,58㎡,"寿祥坊
康健 桂林西街111弄"
70175元,2000万,卧室：5个,"玫瑰园
康健 桂平路165弄"
68085元,1280万,188㎡,"紫荆园
康健 钦州南路768弄"
63954元,698万,109.14㎡,"南天公寓
康健 康健路8号"
62009元,419万,67.57㎡,"桂平小区
康健 桂平小区"
57711元,345万,59.78㎡,"丁香园
康健 百花街345弄"
51493元,200万,38.84㎡,"康乐小区(徐汇)
康健 康乐小区(徐汇)"
52351元,275万,52.53㎡,"东樱花园
康健 桂平支路20弄"
52773元,235万,44.53㎡,"康乐小区(徐汇)
康健 康乐小区(徐汇)"
92968元,550万,59.16㎡,"漕河景苑
康健 康健路58弄"
61853元,275万,44.46㎡,"紫竹园
康健 浦北路948弄"
47826元,209万,43.7㎡,"花苑村桂花园
康健 江安路桂花园58弄"
92657元,1325万,143㎡,"徐汇天悦
康健 虹漕南路128弄"
49889元,180万,36.08㎡,"康健路100弄小区
康健 康健路100弄"
50000元,185万,37㎡,"康健路100弄小区
康健 康健路100弄"
60477元,398万,65.81㎡,"欣园新村
康健 桂平路257弄"
38470元,160万,41.59㎡,"茶花园
康健 浦北路959弄31-82号"
75974元,844万,111.09㎡,"中海馨园
康健 钦州南路8弄1-25号"
41528元,325万,78.26㎡,"紫薇园(徐汇)
康健 桂平路123弄"
46692元,300万,64.25㎡,"长海坊
康健 桂林西街9弄"
44927元,190万,42.29㎡,"花苑村紫竹园
康健 浦北路948弄"
80147元,780万,97.32㎡,"漕河景苑
康健 康健路58弄"
54347元,210万,38.64㎡,"康乐小区(徐汇)
康健 康乐小区(徐汇)"
58273元,299万,51.31㎡,"康乐小区(徐汇)
康健 康乐小区(徐汇)"
54181元,298万,55㎡,"健安坊
康健 桂林东街150弄"
63047元,360万,57.1㎡,"康强坊
康健 康强坊"
46988元,298万,63.42㎡,"寿山坊
康健 桂林西街201弄"
49979元,493万,98.64㎡,"万象园华宏小区
康健 虹漕南路杨家桥61-99号、虹漕南路158弄"
48787元,322万,66㎡,"长青坊
康健 桂林西街30弄"
49791元,490万,98.41㎡,"寿祥坊
康健 桂林西街111弄"
83896元,1080万,128.73㎡,"梓树园
康健 钦州路108号"
57460元,362万,63㎡,"寿山坊
康健 桂林西街201弄"
44628元,270万,60.5㎡,"茶花园
康健 浦北路959弄31-82号"
46829元,192万,41㎡,"寿山坊
康健 桂林西街201弄"
61948元,850万,137.21㎡,"中星海上华庭
康健 虹漕南路699弄"
67739元,640万,94.48㎡,"钦州路111弄小区
康健 钦州路111弄1-26号"
51538元,350万,67.91㎡,"长海坊
康健 桂林西街9弄"
45964元,262万,57㎡,"寿昌坊
康健 桂林西街151弄"
64759元,335万,51.73㎡,"迎春园
康健 虹漕南路718弄"
65184元,390万,59.83㎡,"康强坊
康健 康强坊"
48809元,205万,42㎡,"康宁坊
康健 浦北路21弄"
51948元,400万,77㎡,"桂平小区
康健 桂平小区"
38636元,255万,66㎡,"杜鹃园
康健 钦州南路917弄"
112415元,1120万,99.63㎡,"徐汇天悦
康健 虹漕南路128弄"
55058元,400万,72.65㎡,"紫荆园
康健 钦州南路768弄"
56374元,218万,38.67㎡,"康乐小区(徐汇)
康健 康乐小区(徐汇)"
84962元,1130万,133㎡,"漕河景苑
康健 康健路58弄"
43495元,225万,51.73㎡,"迎春园
康健 虹漕南路718弄"
74101元,505万,68.15㎡,"桂平小区
康健 桂平小区"
68102元,980万,143.9㎡,"康沁苑
康健 冠生园路403弄1-12号"
57552元,490万,85.14㎡,"紫薇园(徐汇)
康健 桂平路123弄"
77312元,1055万,136.46㎡,"康健星辰
康健 浦北路388弄"
50000元,440万,88㎡,"金桂苑
康健 虹漕南路99弄"
61032元,338万,55.38㎡,"寿祥坊
康健 桂林西街111弄"
55746元,356万,63.86㎡,"康乐小区(徐汇)
康健 康乐小区(徐汇)"
69074元,920万,133.19㎡,"文馨苑
康健 冠生园路411弄"
51733元,388万,75㎡,"花苑村月季园
康健 桂平路67弄"
39166元,188万,48㎡,"师大新村
康健 师大新村"
58455元,560万,95.8㎡,"薛家宅小区
康健 冠生园路230弄"
93697元,1500万,160.09㎡,"中海馨园
康健 钦州南路8弄1-25号"
37338元,500万,133.91㎡,"光大会展中心
康健 光大会展中心"
46423元,588万,126.66㎡,"金桂苑
康健 虹漕南路99弄"
52880元,335万,63.35㎡,"康宁坊
康健 浦北路21弄"
67581元,330万,48.83㎡,"长顺坊
康健 桂林西街14弄"
53888元,388万,72㎡,"桂莘小区
康健 桂平路350弄"
47642元,285万,59.82㎡,"寿祥坊
康健 桂林西街111弄"
47474元,235万,49.5㎡,"寿德坊
康健 桂林西街400弄"
51428元,288万,56㎡,"长海坊
康健 桂林西街9弄"
57732元,330万,57.16㎡,"紫竹园
康健 浦北路948弄"
48758元,320万,65.63㎡,"玉兰园
康健 桂江路玉兰园77弄"
48448元,320万,66.05㎡,"桂平小区
康健 桂平小区"
69854元,336万,48.1㎡,"健安坊
康健 桂林东街150弄"
54402元,700万,128.67㎡,"梓树园
康健 钦州路108号"
108543元,1780万,163.99㎡,"康兴花园
康健 桂林西街358弄"
118438元,1180万,99.63㎡,"徐汇天悦
康健 虹漕南路128弄"
67719元,566万,83.58㎡,"万象园
康健 虹漕南路杨家桥61-99号、虹漕南路158弄"
50936元,642万,126.04㎡,"百合花苑
康健 浦北路999弄"
45823元,288万,62.85㎡,"寿昌坊
康健 桂林西街151弄"
57809元,275万,47.57㎡,"长兴坊
康健 桂林西街15弄"
81610元,999万,122.41㎡,"豪门府邸
康健 柳州路300弄"
55362元,430万,77.67㎡,"师大新村
康健 师大新村"
89324元,1999万,223.79㎡,"文馨苑
康健 冠生园路411弄"
43050元,328万,76.19㎡,"长虹坊
康健 桂林西街11弄"
55074元,350万,63.55㎡,"师大新村
康健 师大新村"
70923元,1003万,141.42㎡,"康馨家园
康健 柳州路128弄"
71441元,385万,53.89㎡,"冠生园路235弄小区
康健 冠生园路235弄"
94526元,1050万,111.08㎡,"中海馨园
康健 钦州南路8弄1-25号"
68788元,588万,85.48㎡,"紫荆园
康健 钦州南路768弄"
80253元,1166万,145.29㎡,"中海馨园
康健 钦州南路8弄1-25号"
56034元,325万,58㎡,"康强坊
康健 康强坊"
51602元,285万,55.23㎡,"寿祥坊
康健 桂林西街111弄"
66295元,345万,52.04㎡,"康乐小区(徐汇)
康健 康乐小区(徐汇)"
75974元,844万,111.09㎡,"中海馨园
康健 钦州南路8弄1-25号"
76015元,850万,111.82㎡,"紫荆园
康健 钦州南路768弄"
68812元,930万,135.15㎡,"中星虹漕公寓
康健 桂林西街85弄33、35、36号"
62399元,233万,37.34㎡,"钦州路111弄小区
康健 钦州路111弄1-26号"
44318元,298万,67.24㎡,"康乐小区(徐汇)
康健 康乐小区(徐汇)"
42262元,275万,65.07㎡,"长兴坊
康健 桂林西街15弄"
100000元,1000万,100㎡,"徐汇天悦
康健 虹漕南路128弄"
74226元,360万,48.5㎡,"健安坊
康健 桂林东街150弄"
51086元,235万,46㎡,"寿德坊
康健 桂林西街400弄"
55882元,380万,68㎡,"欣园新村
康健 桂平路257弄"
50158元,316万,63㎡,"花苑村丁香园
康健 百花街345弄"
50043元,630万,125.89㎡,"迎春园
康健 虹漕南路718弄"
57732元,330万,57.16㎡,"紫竹园
康健 浦北路948弄"
73333元,880万,120㎡,"紫荆园
康健 钦州南路768弄"
50449元,370万,73.34㎡,"长虹坊
康健 桂林西街11弄"
47298元,316万,66.81㎡,"寿益坊
康健 桂林西街85弄1-71号"
56650元,345万,60.9㎡,"花苑村桂花园
康健 江安路桂花园58弄"
56590元,498万,88㎡,"金桂苑
康健 虹漕南路99弄"
55988元,230万,41.08㎡,"康健路100弄小区
康健 康健路100弄"
47370元,600万,126.66㎡,"金桂苑
康健 虹漕南路99弄"
52705元,188万,35.67㎡,"长丰坊
康健 桂林西街47弄"
69892元,1300万,186㎡,"紫荆园
康健 钦州南路768弄"
51948元,400万,77㎡,"桂平小区
康健 桂平小区"
58983元,499万,84.6㎡,"桂竹香公寓
康健 桂平路277弄12号-14号"
48742元,688万,141.15㎡,"百合花苑
康健 浦北路999弄"
49082元,639万,130.19㎡,"康健星辰
康健 浦北路388弄"
82851元,1375万,165.96㎡,"海上名邸
康健 桂林东街28弄"
46103元,355万,77㎡,"健安坊
康健 桂林东街150弄"
51136元,450万,88㎡,"金桂苑
康健 虹漕南路99弄"
78932元,1088万,137.84㎡,"康健星辰
康健 浦北路388弄"
49038元,255万,52㎡,"长海坊
康健 桂林西街9弄"
47238元,201万,42.55㎡,"花苑村紫竹园
康健 浦北路948弄"
